Á÷ºÅ,ÊýÁ¿
1838830793,321
1395505301,379
3715257541,336
3359288403,790
1839111625,465
1212628781,238
14031,319
436925,227
14158,390
1831731058,1425
3708229993,259
4218741187,921
1831710902,2083
1842436553,547
3719544730,472
3365183438,401
4218951734,498
1831711871,1167
1212625002,283
9870622,224
3720301601,228
3719915720,216
3545785231,205
2955046273,238
3719516804,257
638275101,222
1402454965,393
1143613657,200
1394851989,198
10022942,197
2596544,195
1402457549,196
3359288402,190
2352958193,187
2772479858,184
